person_id,first_name,last_name,date_of_birth,bank_account,national_id
1,Minor,Frances,2000-03-11,1DAw39nxqE2zGuwBihqUuxWehzfjnEGdCE,4401377265
2,Jacquette,Delouch,1998-04-28,12EY7ujUeEDjGLpMibCU1uWg32TMDtQG8L,0015606139
3,Adorne,Couper,1993-05-24,1EMJPv9qvnEDkHQvS9BnAGyaNwpCR9YQNV,2677768321
4,Tracie,Meddings,2003-05-07,18gXgDhKhp4RL9jjvG7bjEUw64RB7ohd4v,0736270280
5,Kale,Cassedy,2003-03-30,1LEvnfKkGyT9gmr8VXiSrT8CW7DfttD7L4,6463404748
6,Cal,Duchatel,1990-12-26,1Dpbm3VaoMdVkcb8E3Z9GgZvYWZj2mttEZ,0935254307
7,Nester,Melley,1995-05-24,15Rf3bNpBjdLiQ6Byso9ew7CEX4gQHN8qa,7456361088
8,Reube,Grebbin,2003-06-07,1HjfoVPWdxc1AfKiAyz2vtYK9JtgNiernz,1412919576
9,Stanwood,Alesin,2000-12-13,1NrqbgUYpcAfbkqAzTqx491npjhEchCfXb,4995201610
10,Caitlin,Kassidy,1993-05-14,1FgdSo8jYNQWH5jS5ioyUhxBcwapJNDsCu,0245318410
11,Billie,Boote,1990-03-08,1FNoKj15FiBanqr8TvHFwrqzycug1qYY5b,3849739937
12,Milton,Assender,1991-03-30,1ACzRLMXJdmqUPGSVFAtjByyCKZ98zUkht,7551789014
13,Julita,Chasemoore,2001-06-25,1CpNuMJnz1JoKDTizT1Jsi2tbn6eHfSu1E,1856401200
14,Vilhelmina,Kelner,1995-04-11,1Mth1xvxTgGaeRGgcji7PyxZh9aWpFEGZ9,1084654628
15,Arny,Roblou,1998-12-18,1F4ztdCoL3mXFfpFn9FNaT4oXje4r35VuX,1633624641
16,Marna,Ducaen,2002-10-09,1JbCn7MTYYRCijVNW8w5apJ6dny6B2QGbT,6802190532
17,Dina,Vallis,1999-08-11,165Uw2hHDks8Vtw2oD4M163QzbrbHhcMea,1795321873
18,Micky,Lejeune,2000-08-14,1Nqb19dMYXHwBLEbBGbquNyi1f4SQfRwAP,8473235738
19,Manfred,MacGillavery,2001-12-03,1F9BGa9BbFHXAP79YSFSdo5EZyw2deY5tJ,6947870135
20,Sayres,Gritsaev,1993-07-13,13eZF4QEd3AUid4RUJvZwkMyPAjmuCACdn,8733158460
21,Ashlin,Dulieu,1999-11-16,12uq7kRqU8xiHxu5FCARKCbwJ1isa65Kem,5073777212
22,Ilysa,Chomicz,1993-04-17,19wHZh4N7YJwbmsRrjTr8pVQTXerhVwxXB,6934853431
23,Brigida,McAlpin,1996-05-29,1H3apUD7ufAGrDDomaG2vH9UE2yLPVKc2b,5693492125
24,Timmy,Trewin,1996-06-02,12R9MKTSa4KroZtQLST6BbJxgJak9EbhER,7688224217
25,Natty,Shave,1991-03-26,1KhKhWwqXjcsPiqm854BzDPQoRfif8Mmfb,4990081250
26,Emalee,Orris,1999-03-02,1FiWJHxhFcq3D3deXZsA8aKwLwJbiiNBtt,9915032765
27,Ellynn,Connah,1996-12-07,1CW2K5ijjGseuYefkjhcZj3Jwry3FGwYs,0203453719
28,Mellie,Jagoe,2003-06-18,16YebT41vTnEf32GpwiyCT5UHnwjz5LKgz,0709677014
29,Rowen,Rylatt,1991-10-17,1FyaffY1c3MZBCpfz9RxvoQ5JScWrr8fjC,2988619654
30,Winnifred,Hughf,1990-12-31,1CCejyHhvbYE5hUF2udCFy2kbqXsMBASvE,5284989732
31,Flynn,Curgenven,1990-04-20,1KctL3iJi9s9hJq7LhphMWt7ZfcBtBLKcL,2267532328
32,Lionel,Pierce,1992-10-02,12AQiDTmKiaDoGBrg2MorkExg4AHHrCoeW,1869197003
33,Sosanna,Yankin,2000-04-10,1AuHcbo9vNavKtZW29e165jg8CZeoT4kAX,3156788066
34,Joice,Varney,1990-05-02,12CaZAvQ8As7SQni4JEdqtqaT8qr9Qdsxt,3147812081
35,Lyn,Privett,1998-06-28,18fSdMTEVXRfLN3MWQrHxk4aR7zPitGZnz,1834958784
36,Itch,Conry,1993-02-11,1EiKwzQUx6ARmG7n1catqaKTSYtQyor3Rv,4812878551
37,Augusto,Novik,2001-02-18,12Bdc1t4xJ3fptVbxArdTpCYPABsdERGBd,6521399500
38,Pearle,Bagby,1990-02-02,1AMxAbj8ETCou6gDTUqcGBjzXvVZ7K4wTE,4472819201
39,Jelene,Lideard,1998-03-15,19Za71PbvigwTfiCtygaUyKdDQEQYPTcXs,4994214182
40,Cully,Heinzel,1993-08-31,1NzUVnWaxdb2d9uQJV5onxuv1tyPzk9HSL,3815991706
41,Sean,Sayer,2001-12-28,18VjderDs7Rja2bBMT6yA7gSSx7kKUeYEo,8497194101
42,Nady,Ganter,2001-12-26,16c4hQzFEfjTVdrQ3Wjb5ynxXPAf7XBSZa,1663191263
43,Fernandina,Seneschal,2001-11-30,1LngvUBKVSDvvzmBvcC7hHQYGYkMV6CyQV,0250953692
44,Steffie,Reggiani,1990-11-21,1BBd5ZcdZpVmMkBGJyBHzLjHKYeN1kzj8Z,2548806049
45,Steffane,Shillam,2001-11-30,16fXoXjB8YTX2cF8TLyBJ1FypD6DVMDJWz,6952955844
46,Donaugh,Simenot,2003-08-13,16MnZKpufpjjXEviKw34BKEDSbBB6GzvhZ,8190471023
47,Ashil,Kirsopp,1992-12-11,1PCJ4FvbrKvisxcZvLwKFaiBwzkgxsgmYi,5938239109
48,Gaylord,Sygrove,2003-10-11,1H8zxwBjaSYbfN3pDXEPBeQi5TxhBnSBZG,0006198147
49,Lazare,De Zuani,1990-11-16,17UeKi3AiaN3AgP9v5PnRQ2YzZGMyvse9H,5917003130
50,Micki,Fenech,1990-06-25,1C8wZ25A4zCRZ9E2w3xUNUG2HXDJfikB48,7784949774
51,Cash,Diggens,1990-12-14,1Ku4fVhzaALEad65qtaeBBHPFoaRmbyP8L,6774525253
52,Morry,Fairbeard,1996-08-22,16F2infFhBwV5EYPVNJcNKRyDAgTgqBZBn,0084566590
53,Cash,Ohms,1993-12-10,1EFJKWd7FhUyp3P5C9oEtX526FnnpTABe,7069780680
54,Sawyere,Kulver,2000-03-25,1DSK23wgrCcZEv9soFA6yB2pXviWg3dUrQ,5156858295
55,Mella,Durker,1992-12-10,1BKzYHafHkKaHuGMBw98qAcQPg2wTxGpkc,6163544757
56,Elaina,Prugel,2003-02-05,198iinLPwTvhVC2smjcDi75imDUnXmdpVb,4264458110
57,Maddi,Eagleston,1999-06-17,1GF6NnCDzDMy5QuG3WrvqxS5F1RctnvUiu,7377540877
58,Lyn,Manueli,1991-09-26,15WP2KeJsJ6gofE1KXkuNCZ78w65GEcNZj,9945677659
59,Claudette,Spriggen,1996-12-29,1P6XJs133ZboLHirmhJ96aXKyuHdSWTMV2,5958878662
60,Queenie,Rubert,1992-10-10,1G5RHpcrRhqQsc4uQF94MhEPbGC2xv4NMz,1437069401
61,Dotty,McKew,1991-02-17,1NDZZCwZwsWdyejrVBMxy2L8wR3LqvDZ7B,7227667502
62,Carver,Maevela,2001-06-03,112cseTSFirA167KxCpv6mTk2QYou8fBKD,5439521887
63,Beryle,Dowman,2001-06-15,14Mhz1zmVx9NwKDm56FHWkrEdiZTJS8eWp,9783795570
64,Kakalina,Hakes,1999-01-30,1PkXdoBdUfvuac8a5oKfKV6NXDAVkQp4ra,2276945753
65,Bradford,Chitson,2001-10-05,1B9RL8evPGYtdjXczHwyP9pV1gBcvrvcg1,8927240197
66,Aron,Oslar,1997-08-24,1EVcKbH7nFPtC5E1tp82KJSNJRA2mvEdQ8,8768931107
67,Wallie,Antoniazzi,1997-10-23,1B5chjr9dY9DRRksGPLW7RmTn87ghV3Ef7,4225260011
68,Sadella,Beever,1999-12-09,1FpV34E1yRCXET4WMwpfW7R52sbDq4nV7Z,0609832255
69,Trish,Tetford,1994-09-26,16y2ceavoDd4x1yhWC5WSajEn8NZPadzhB,4278199392
70,Nolana,Glasbey,1997-12-13,1EbM2vLepjQuPySafTi9kfQj3MEXnJBWa9,2352177197
71,Hildy,Hackey,2000-10-19,1MRBtqZgTS3YVVRdZagPmRNbRfU6kmRfsW,5867613003
72,Archer,Armer,1991-07-04,1DEoLHssKaZeJh6HuJz2Wi2RaEMJChhoTu,7858641220
73,Lanie,Aizik,2000-11-03,1P1bjpSvMyQvfLnrC1wepawgXHL2tZTwBZ,3038198986
74,Maren,Charge,1996-08-14,1KTqQhqLTQZaCJRpaNECCFYD61PSFwvaBk,0750856467
75,Harmonia,Tillyer,1993-02-13,1Ht8oaWMjSpqdNyM3RbBwBAX493UFrAaYv,6820760213
76,Sella,Tyt,1996-04-14,1MM4XDtWwuNo3Lk63sHKfZfu1SFqpDAd1r,0078929059
77,Giana,Elphey,2003-11-14,1Z5h3n2G3bf89x92qH5AbWEJ1Ye1trqDd,2273784708
78,Alphard,Meiklejohn,1995-03-05,1Lqx1u7HNED1qdpMBNfHCUAecJxHNswD6P,4396315864
79,Arabele,Segoe,1991-09-27,16CAyxL8mCpT23u2wwDcHdLrbRV2iucU8L,6779265187
80,Elsy,Sloey,1998-08-08,12RVUZb5qM8j27yKW2Xjr7mjXDVzWuPvsp,9627563803
81,Neville,Brecher,2000-03-11,1KF9CsMizpJnJ2u1764u2JfVCZSC5LNfuL,0985379316
82,Jilleen,Geydon,2002-02-22,1DTieSrybNH1jtVmaqvnhDLGyMzmPAGmDG,3997006792
83,Andree,Balderson,1997-06-04,1caQWXJRyh9DRr7rcL8Ek9g11bib25q3T,9146343520
84,Corny,Boorne,2000-05-05,12Ldmr46g8frcBwHeiF1TZpPzpmGwYYkLr,3923458398
85,Perren,Gofforth,1992-09-02,1BjizPYqKF3nET65wDrc2VoZEozKzYgnJ8,7626075226
86,Ferd,MacCardle,1996-05-17,17SY8p561KBsY4pifrAF8cudm1SMhEvGpz,1696751748
87,Dunstan,Dot,1990-09-26,1EdtKEDQzWcUKi8Ab8TETcuuFnJagjydeu,2813276715
88,Daffie,Hardey,1998-06-10,1DwsGeahXkUfcNwEZx41hzGUnnCuRsQ4K5,1913772632
89,Harp,Pie,2001-03-02,12z3yZk245FHTrvmfU25QYRHW7uWFCLAbJ,1066815984
90,Jamill,Fieldstone,1993-04-16,1MqnT5jYmY3JHygUygUaQSaWPmgdGqnjBR,9976038747
91,Jonathan,Mulderrig,1993-10-12,16oVzPoybXHmtsH314ghk29rTpJKTbrn14,7762768998
92,Amata,Masson,1997-12-18,115RHmRAgENpc2uF6PQbSZTDrhMEme9aEw,4011726516
93,Ingaberg,Grahamslaw,2000-10-14,1GwQidyPvLaNWvYWMcE7FvMZcxdzs55UZ1,9955190132
94,Rheta,Evered,2000-07-08,1HMM5qhiVgZnZUQRxpm7N17pwJifxHGNFR,8841300647
95,Stanley,Emmatt,1993-05-09,1AsKpdju4C1W6KJ1n63oFZ6BeBCLh5ZSqL,5033574949
96,Gabriel,Water,1991-11-26,1Grnsq1eKkdgHxzsxDysZ9Z4qodYM1UP4L,0173381448
97,Emlynn,Lightning,1995-12-30,14n3jMZCLn8fcxASyBqGfLwMzywwnbFYf1,5725251535
98,Tisha,Everson,2003-02-27,16wXULpNsMZnA4fEAwtxVCzzCC4bNbhSdH,3572198720
99,Parnell,Velasquez,2000-06-03,1PXQXCwnRx7v6sEQyU54zrNREP1XgzaaJ1,0838631541
100,Mayor,Probert,1998-05-07,148mSaF4zzsWRn1FNTc77ZmFzJshLP8LBi,2704827575
101,Berti,Schiell,1990-03-01,15gVmU6Vbc9WB48LtHbV9uJmHxbGiWVVmS,4356131355
102,Lucien,Deinhard,1994-05-28,18ANrTc7peVTX52VSQFUb1bUzk945Wo6yg,6226788275
103,Trever,Roddell,1992-09-05,12J717CPW1U2Abp7SacBHVubUFfuaddPz4,6990199121
104,Mechelle,Lafayette,1991-11-24,16iue8736VCtKH5baVpMryn4jgzYthPJgu,5528854954
105,Sissy,Weiser,1999-07-28,17qNxUoYqfEV23HiBiGY6W5tS5o8CXwHe1,2918672521
106,Clari,Hould,1991-05-06,1L36edH5rU5cQgDvMKowN1scET29VqNsXt,1049196910
107,Janella,Lobe,1992-05-02,1A18afqescECMh454hqWL7TLkXG3jkVknQ,0552630977
108,Minnie,Pedwell,1998-07-10,134L1CVC3faeT2DGba1UaoavHoR3YbLzqt,3234427410
109,Reilly,Officer,1998-09-03,12yJDbjDkTK6N6w4tzLS9GtfhMc7UJNanY,8512104201
110,Chere,Shorey,2003-09-30,1NbRWmrdLJnaeuxrHrd4n5fbibWaEJwFD,5697072554
111,Dreddy,Rounsefell,2000-01-02,1JMLf98FkCyECo2yLd7de6rJsrML3xrrxK,4869717999
112,Robenia,Blyth,2001-12-07,18M244uYw3p6zg8j9trPHj2HJj4kppRTgP,5871468500
113,Gabi,Featherstonhaugh,1999-04-21,1AgCESG4wrp4kjYqUfbXdrHNbEY4PGkg2Y,7770366828
114,Halie,Decent,1999-06-07,1LF1NrZKsSfi3RWEL1caSw7j8MWZ3cAoVe,9493691144
115,Xymenes,Sogg,1990-03-25,1NwmY2wnfqb3mu4VVmxJNN2jsUR7NjntLL,4142865595
116,Brittne,Stidston,1994-04-09,1CF9J6LcGfjgrYqag8pf6wgNe8jLeiJXoY,5978826064
117,Dido,Hawk,2003-11-02,1Ha23wBdbWKoymk82EvKgo5XFZ7JS8zZC6,1454315148
118,Annecorinne,Inkster,1998-04-11,1MscBuAeM8DoyPn89rx7g2E9b1GGbU9sTG,6777111883
119,Virgie,Tite,1994-02-01,1JS4MBiAMvQS7d1xjY6aJqCCWz1f4PnGAm,4772977570
120,Chan,Bonnett,1991-09-21,148mvotS7Nm5nd14PSgsWG3y941PfH4Qcc,5629132989
121,Killian,Horsburgh,1997-02-18,1Hg8LB8RPhiZpjPuaC2KffjxD5SMsViEHc,1331456819
122,Sullivan,Scintsbury,1992-02-21,16ZKDuJferCyYwvmtKrBJjcyv8sT6u6Agw,8528073122
123,Sollie,Buttwell,1998-02-24,17sMhsnQPe7v5bub6WgQ6qnKHmnQKiLjKd,8771682619
124,Daren,Negri,1990-09-20,12dJdmpnDXhdwhp525Sps5EoeE5gWQR1Kt,5628277193
125,Beverlie,Algar,1997-03-01,1KArxwYQaww2kyPnL4iKnmcT3mXNwtTQdW,5293311905
126,Penrod,Towns,1993-10-18,1BPTksWTnhy1h1GkNTHWkXqgp3NkDJdvis,2137130602
127,Jewell,Colcomb,1995-10-14,1Q17mKcRTVDmgoQdsXa6ibzB2zv6mS2XGF,4839679819
128,Angeline,Goby,2000-06-05,15gWkyxUKXgDSQ5VQWxD6PkxhrLLg7edyB,3387875045
129,Sterling,Sabbin,1996-10-10,1KMXg3WrLG9oJVQnVtFaJPvvEEMaJKSk8p,0850646944
130,Imelda,Twigge,1997-10-22,19hxaxgEEEytVXG6Q66n1PUyRSYx3pR87k,1166948080
131,Hube,Aleswell,1992-07-02,19unFsSzw4zb6JhrkHTQ35PjdFjjSkYing,9097588715
132,Terrye,Grimble,1993-12-18,1JPx2V8ijhxzz71bztVvaUQYd46qAsQC4X,6149518094
133,Loydie,Clyburn,1990-07-20,1F3kdoghA2J45E8L8SVTcUS3fyQyu6KsFz,0816276358
134,Kyle,Chipp,1993-12-10,1Q4T1RQKEbHqoCWBkr9oY2We1CW7VuQsEj,1187782025
135,Chevy,Bailles,1996-01-06,13kaYrnGV9DKUJGspDHigW6NMz6V6VLEbM,6847218169
136,Desmond,Causon,1992-09-25,1NNizfe93hDvTchs4vNaNgdhyZoZdE2R6F,8325874090
137,Glenine,Mushart,1992-11-02,13KzTDkehUufVtsKEb5ajmWTk4Ei7PK7fL,7947559813
138,Konstantine,McTrustam,1994-10-10,139tXsFC5t8vUB3seuiTeN95aRwBWVWuC2,3244067611
139,Amory,Folk,1994-07-09,1FJSUM7jZ3AZ6ej32J3k6cBWakU4KYgo2z,3519406772
140,Flemming,Cheasman,2002-05-10,1Mtf4ujKMotyBCFR2zi6YUQ1WKu3GdFeM,5985884953
141,Lishe,Abethell,2000-01-31,159FvgabP3Xt3iAAugY9xbTa93rMVNmQwR,2673531653
142,Horacio,Beahan,2003-04-02,1JK6Y2ix9xWYNvq74B4WnPPJYJZy3btkpE,7775984392
143,Erick,Barrs,2000-08-27,1PJxMkAQ1WAHbf1T66xbFvJEBJeh7zFfbX,4294393408
144,Clare,McInnes,1990-07-07,12Qxa2bW47QRGEYaXrDe9uNCnY1wwcEGwC,2085329268
145,Loree,Joan,1998-01-08,1LfsKDYdnfukU9gWzis2ruMU6MJJyALBf1,4308909635
146,Cody,Wilshire,1990-10-09,18xz4pJgfUDLoo2o36Ca2JJ2wJ8eh3guQc,7926373400
147,Barrie,Cowdray,1992-07-22,1JvzmFk1zew7SSXYti2wUwoAsVbGJWcZq6,3442633559
148,Barret,Brechin,2000-02-07,1GzUVqokhXNNTDsbotdFwfQCorV22NswUs,9677109596
149,Virgie,Pre,2002-12-14,1H6YQ7E58Wj8nLQ12eVdC7L69HCcLtKf16,1689710330
150,Rad,Alderwick,2003-01-12,13mUhZNHAgdMeLAuXuvG3agPG6Ar5fYXQU,8676207925
151,Templeton,O'Corren,1991-08-25,1LNbJGeiKcicjcTLgz35d178b2GLpTopot,0588341533
152,Renate,Treher,1995-11-30,16aFG4xz7wP8Cr2WpmuB3rB9exNbq4jNTw,3911838425
153,Aryn,Maskew,1997-01-28,1H7fjvEcbD2TGTyPtb86bfKh4B7STgcJTT,0907831877
154,Aviva,Darnell,1990-07-17,1DGUArTadiLErG9JxXJStJXQZxJhHtRkuD,6680870097
155,Marcelle,Cummine,1990-08-25,1HWyNQdLLu7MZiS4DozrnGp9yacgPfroeY,1059395975
156,Devora,Redwood,1990-08-06,1CxrDVGEwHtyyVEMFdULdPCwRhwBm2993A,8739970760
157,Cloris,Daviot,2003-03-31,1GufaXCup4pfzqmsNqcJDnREQ3nKAmuApB,3225569267
158,Nicolas,Bispham,2001-02-09,13fP9h8uzZhiHZ8MvwdH6zVZ8AbnPjcnHB,6501378737
159,Stephani,Genty,1990-10-06,167ruefkzMx5P2JcxffeJ65NswCxHz8e2L,6279519074
160,Lisha,Saulter,1993-03-22,14ZS5zDfmkSYP4yUivosMWiy8TnMmFir9i,1677876522
161,Shaine,Grimbaldeston,1990-12-04,136D5udXW9jFeks1VPdhEQeVuSco8ZwJwi,8630294213
162,Isadora,Cherm,1999-01-19,1MgUFdBcU1WTN2aqbbZwc5osX1JmcUqN7g,5960018047
163,Stirling,Tutchell,1993-01-16,15kcia3M6UPtxzj1WyutDB6hm1EC8bJGnc,1293678082
164,Wendel,Struttman,1999-01-08,18yj2mCvAMKTZUvWZPH2PBknhNiqFyrowM,2527395821
165,Vail,Orta,2003-06-02,1jNrJ5LFMFJPZTYTHknb1SSJdz2CaLkry,0624471853
166,Cos,Tomkin,1996-05-16,18SSGEd3HY3uFNqmpi14kbogyi9eAXVtAh,4299774450
167,Enrichetta,Yukhin,1999-09-25,1AeCoToecJnFKZbrrjfSiKjGustzj4BBkR,0223644854
168,Brunhilda,Riding,2001-07-26,1NLFP8oVWQkr4BixcQPczXPa44wwBCnS1e,9862474157
169,Katherina,Duffett,1997-04-10,19M1GSZepvNayGK426TqSGzsJK2tw6yZRW,6761866839
170,Rosalinde,Bolino,2000-01-25,14Knocaztpk9BBAUCCJKs47hpjZ5eEX4ZE,5801910719
171,Tyrus,Caldwall,2003-02-19,1JbF6YrwxubssLmV4xWTzsYULWgghtZSfc,5041421994
172,Hortense,Phizackarley,1993-09-24,1JQkV2VB8SMHXnoErwsnmAYmJWPozWW5D,9068219839
173,Korrie,Tilt,2001-10-28,1LRw5jQM3RoMZNTUAvhoSoySsQLrFyjr61,5760098160
174,Nate,Lalonde,2001-01-20,1KS23FSXcHkq4udK1JeVHaPX2DR8YEg5FT,4310248535
175,Berthe,Handsheart,1992-06-17,1EaDCFycuiLJkNWSEd7s8o7t3646yXHoa7,3887586050
176,Moore,Skala,1992-07-09,1AZn2Mn3b5wrS3GJbGPnkiuEjxcDAi7bfV,7274952072
177,Roz,Maren,1990-07-21,1CujpBsLcA3yZuc3fYoFxZXqsx4bipf7uv,5061466284
178,Malina,Ellaman,2001-06-16,1D9DQ3QztBHbrfrNLPFczJxotWAzYYhbub,6229300354
179,Raynard,Harriss,2000-06-17,1SeR2MAT438m2C7V9a3rUTr7Ev8NZMUnt,5038502792
180,Kaye,MacAndie,1997-08-09,1DjQnXDC7DyQc1F83ToEHQREi4YQEbUvE3,3539965645
181,Pen,Dahler,1995-06-22,1GRh3R5cKQauzSUj2vEAYFDZdyU5R1zdJo,2193519137
182,Edie,Kerins,1997-12-21,19aDnx8Jm4YEUVUBYC9B6XZ54VUuMVijD7,7812288188
183,Jeniffer,Eschalette,1999-11-18,1CEKGpLvxP1i4NRRPqb8x67Ry47imaQSky,6856455887
184,Egor,Hanrott,1995-04-20,1GMvBhVkDcMTNJxFbE1STh3CLiT2Ys9ZnU,1415015341
185,Branden,Oxborrow,1996-04-29,1HGtbwTNZM4rPKnpgVYQb22ZodJdwPiu9s,2823540547
186,Sibbie,Derell,1996-08-14,1CdRumdMsS86vBRy3bkFCeGJ3AmX3Afm9G,9788571042
187,Kennie,Thackeray,1995-06-14,15vtNhY62McBXyso3hZi55AZU23TX6y6S7,9593732349
188,Kennith,Bohike,2000-02-01,1ATKrmzkGyddodaRRCiDtb8JjsqJQ6YtLq,1876782196
189,Mellicent,Sinclaire,1991-10-31,1K4FV4Dg1GyLVaY6LHgdPSjia35G43PVQU,9700854817
190,Gradey,Powell,2001-09-23,1JvgnKQWsbiAbFghe9QBaFtWn8RupJWJAB,8014059484
191,Martyn,Missenden,2002-06-24,1JGpskYUxnNDCEf9DcCXRKVqWDzxfA2JTd,9891726908
192,Gualterio,Seeks,1993-08-05,12rtvCiadDpNJYN6NNjVBNBDyYWzeeT8DP,1957941065
193,Blisse,Whanstall,2003-08-27,1Kaii1GR7svrmDU5x4DwZa1dnXtc84jCNZ,5711464477
194,Gale,Wardlaw,1991-08-20,13iRz6h1wmtaCZhwJCRvNFqigAwds9i5r2,7295056173
195,Raphael,Grassin,2001-06-28,1JFr5CHHt6iokZFKcJtrPAXWXCJhcTmUB4,6031529246
196,Frankie,Bramer,2002-09-18,1ekEEtQsq2wXLNgMQ8J6MbRHk4mMyJiW9,1670594394
197,Ramonda,Lineker,1997-06-23,1MsYzGMXXwu6k84txvZSWCXnKuBjAXXrZt,5609075084
198,Keslie,Carneck,2002-08-29,1BgbBeHs8rRHxaqdiRYBrM8d4ikJoE8NxA,9784406578
199,Farlie,Meriott,1990-12-10,16S5ntjFmrREjANgYM2PLjVnWhUSrXjoYC,7285039446
200,Vance,Mackstead,2001-04-09,16BZ2gogUYyThhcSExwyQkCuSGun1tJahA,8857536939
201,Kerry,Tryhorn,1992-11-16,1FPezpzpqEy23kywzcHJWy92BeA7qaVt3V,2747883868
202,Shelagh,Bartosik,1994-08-03,1AojyP3X8p6zTgTwD926c9BKgjC94ZWX1D,8959930873
203,Deena,Berks,1993-12-19,141EZFXvoAYaLccXd2RG5rxUHuALnA2p5N,4969796971
204,Travis,Tuting,1992-03-13,13TTtV3W2yPjV2P6X5G837k8QnPMYcC8T4,7833252484
205,Spenser,Rudd,2001-05-03,1KKvMWJQ3Umm32YWsxXAXMapocZxN4YndE,3890026605
206,Darice,Mustarde,2003-02-12,1NLdzuAsAXJi8FyjrxVvdqEiSQSq2KLpRc,8820356589
207,Mallorie,Anetts,2002-10-09,13aBuY4mJAx8B4CdgAWwokgVj5spbsKmjJ,4807712454
208,Artemus,Gruczka,1995-08-16,1MCCXepqAHHc8QDXTnt5Qr6ra6Yb7p7qJN,0778024431
209,Carolina,Farnaby,1996-08-25,1KBebop79iHRo1tsorkbW2FC45ZvXSxv3X,1555339581
210,Antoni,Gloves,2000-05-03,1FXYYeBk9prQEEhrc4bvd2u8QQo2RgUX5S,5920484829
211,Ailene,Andric,2003-11-10,17uZ4s8G6RYnvKUjy41pLBuwWFua7Wjbiw,6574824087
212,Celia,Luckes,1994-03-22,14iZnrcSJjvqFELvLHQcH9grQo8cAXmsxV,5362077694
213,Kinna,Elie,1994-09-22,12rVaAaewD3hxXnZAnBhW77G5sH7DpAKgw,5887089393
214,Ellery,Elstub,2000-05-05,1SFoB95LtuGR7jwPksYeJxxVQFVFN1QHg,6550233895
215,Fraze,Fink,1992-02-11,1DyMqNfoRSc1qi4Pcpetiof2qiLjviRmSa,1460135725
216,Livy,Leftridge,1991-10-18,1EEYMniGVTo5aG9wGGSzp7VJ5kCswKCjQG,1678761109
217,Corny,Bernhart,1998-06-03,1AtKUBxu7X5cjdgAgkx7FC7smXca5ZUr5U,7794058627
218,Star,Kisbee,1996-08-20,1DH8tUoQK8j6mn1EX4HgPK3TqCGmGrrfcY,7702779713
219,Cloe,Zealy,2000-11-13,17kccY3FHVeGvr8X9HciW74Fb1hkwNhiBb,7967837770
220,Willy,Iiannone,1990-06-29,1FLqfXEYLDwqbeoh58JHLdnASKS6Aeksmi,8930342019
221,Phyllida,Pople,1997-06-22,1LdQrPUVyVEmRzaLC3Fmyd8gtiTo5ZGT7n,0226884805
222,Teddie,Chin,1990-12-25,1LuoetEpRjaQvvnntf6rZ8YfKEMAwb7TUm,4122025699
223,Northrop,Ceeley,1995-03-04,1DF7tQQV7XrL7WSvaFSZATaz4PNWERiFvi,9276414592
224,Mada,Piatto,1994-08-21,1PFG2Ajf7CAdDrQzfXZYdendPCFoA7Q4Hj,4432598123
225,Normy,Kinig,1998-11-25,17on2uVFoYQQ2PPJT8vDpGJexYWijh2q8m,0590653091
226,Amory,Jikylls,1990-05-22,16vnibHzgZporyqVnsmMvGCg6egS6xu2xr,1448656370
227,Alexi,Prickett,1992-05-11,14vt9gz6bxmeTp4nZpjpXCWvPTgnSY4XKe,3330838302
228,Rawley,Calderhead,1996-03-14,18xj5yT1xofPo4osroKZbSQNPPLFW2EgsE,7612890003
229,Christiana,Gave,1999-10-19,15shWdWzrzd4vbEncynfT6NGLcTnWK3Pmu,6061312865
230,Stormi,Hempshall,2001-04-17,15WhN21CVobMYnC3tV3uLdMJ9xpsMoinct,7697439875
231,Gilligan,Sowrey,1994-04-11,1Cyp3F2uuALmf5Q5aQqUQotJdmvK6Bhg2F,0543228797
232,Hestia,Jeandot,2000-02-17,14QHEvu97Uv762pA2khjDiz6fRXkWstAm7,0363885625
233,Jarrod,Gozzett,1997-08-28,15EYtQzdRX7hVGUMtzy3vhVvsVXH494bXo,2187980162
234,Kalvin,Cottey,1996-11-24,1PenGkhuARZHpZu2roA678rzUEUb6zcjx3,9967395044
235,Carie,Gasnell,2000-10-12,158PN3Fmgnt5YJajnP4DWG4XjNM4LUiDU7,3234581959
236,Zulema,Rosie,2002-09-30,1LXMeFuHSbu7ekaxK2Jo8NBKDE5kbFxMPk,6815177947
237,Fredrika,Thomann,2002-08-10,18FDfeVaZMyDrHRBAjB1wL6WGDfpHXsJku,0984625631
238,Justinian,Wheble,1992-02-09,18RGybj2LSU6arCNcYWpSYXLow9n4UnnyT,0279042507
239,Jo,Cloake,1996-01-02,1PKBeUuMvqxrXCE55qKo4dKJrNPLwTErnN,8739725170
240,Bertie,Harford,1992-03-04,1FWmv9yTTV2UCQVAVTw7wWy1gZLpfe4pvf,4776826755
241,Jorie,Leadbeatter,2000-01-11,1DgyGteX1n9Qz4qrLg1CnYK71GJSaZvNiq,9876971980
242,Ediva,Sheilds,1993-01-19,1DEb6Z2qHK7XPLq5xKGq1uv9C6EagxA6Xo,2715260164
243,Dudley,Regenhardt,1992-05-01,1NUV3CChRVtyszYc4vQxXBXZ78SLGiYDFy,5497748643
244,Edgard,Ferreras,1994-08-17,1CcyNJ2ckx23xGeawa4NJh7JmgsR4zxs4H,5865862022
245,Harrie,Argontt,1995-02-20,1GV5mWZVz22vz8iTVAr6Uo4MkVUMyGkAXs,6647659978
246,Agnes,Wem,2002-08-02,13bpJRq4gTzNzn58LmUrfHaQ9PPj6Eyvze,4846903761
247,Konstance,Pallant,1997-01-06,162Y66yjSV3w2x2ZbgxPneuYYbsunb6SM4,2480886190
248,Urbain,Jansema,1990-03-02,18vQ8Lc2HQtcCShDkp8MDZcx3ePNEoFdVW,6604847063
249,Wheeler,Hillock,1997-12-23,18pzx3fcr3R7ae2WKn5gfiAb3SLiA6iKmo,3079630998
250,Marcy,Byrcher,1999-07-10,1HcVAKKtaZH9SBBAazkyXi7s8gLaycnKEE,5568637199
251,Sarette,Halbord,1991-03-20,142SWQj4b2DnaLnGR4epmb2ZidS1BUdue9,8662261485
252,Cooper,Huggens,2002-06-23,1AVHDGEKBrqfnDo7T5kWxkgxqyGG6mFwDk,4069156607
253,Corilla,Villa,1999-12-09,1LzHDMt8qTQH7Qa29NciEUTedFjXfsAgWR,1230199365
254,Esmaria,Lewcock,2003-08-03,1KWjt8XPyLAQEjruUvRVvsP7VVzUhFQfP6,0108782212
255,Alvina,Sliman,1998-08-23,114G5NxZFi1vMqwG3rW12svbtEd427uTk,0210048441
256,Kelci,Postle,1995-06-21,1ASuMmTXBoXy975AtDrCWrmuyY8fnHnwtL,5294707500
257,Lorette,Kulic,1995-12-21,1DjcxQg8F82ai23YUfyGk19jpcgSVRcFxc,8701540696
258,Hatty,Clear,1996-12-19,13NheTps1QHehpYngpJNAqXHrMgSpk6h8w,3232407609
259,Althea,Mycock,2002-01-08,1LgDBSGo3RKA2VKvGHbVJgGugYhgkf9NjX,1222053195
260,Kessia,Grahamslaw,1994-04-13,16r1Q7BR73xaSTsjj9XiHsjgBkHrJg5Sm8,6584770524
261,Buddie,Lamas,1994-04-18,19Vmm3MnfMkxm4QTJ4UnAPuTse5rF337rx,6019335240
262,Alisander,Camies,1992-01-17,1GvBy6UiRxfhnAcSVMK9zRGCK3nVTu437L,9139368513
263,Hetty,Revie,1995-06-02,1GVJHhXqc6jmW6bFspeEA7Ce5A4VAwzycG,6929580716
264,Truman,Kelwaybamber,2002-08-12,15cQzdNfTKTkaWFsYMkV5dQf2wRRmdqBam,9873018832
265,Zorina,Gallager,2001-02-21,1MYrcSdRj6x2wXFZzqR2JY8dmUmymyFuWn,5489063734
266,Elwyn,Korb,1991-11-25,1NtFmuVyZJytSj6AmgCmX2XkqALZqEyB1z,1917479123
267,Ber,Matyushonok,1994-08-28,1E9NdX7eVSkRan1Qz8zZzFpwuXjt4Eiyx6,8909822163
268,Theo,Orridge,2003-10-25,17JMvUAkjFVZ1FAk85rn5zmnnFQSdnHL21,3355556165
269,Kalvin,Dobrowolny,2000-03-05,1EMfdc4Wqpb2a5kCV2zHQPQSNttvgnvCeE,9034548767
270,Markos,Szreter,1994-10-16,17b5qTjHrN244q497RAc7GXzYS6UZrEdfP,2824360720
271,Liva,Townes,1992-09-28,1FswK4esqgbJJvEsaPXNYKK8e52amzbBW9,2421157676
272,Gerome,Lathwell,2003-05-04,186WZovXmBL7tmdUK27LesSrubQEq6t3RP,9587801717
273,Madeline,Hursthouse,1992-02-28,1FwtdoL8eK69q8XKoeDzjajd3nGeTuF1mT,6153458025
274,Janette,Shadbolt,1997-12-10,1AetQxBKD4PeE5uTGMcm1S74G22PZAdWCb,8611970160
275,Regen,Darrigrand,1999-01-13,13Daw17TqCqkRRpvNamAaXwJtPpuShZYu4,2180546947
276,Edin,Keenor,1995-01-31,124LGnCdBYw2n6iuFP2YXKtPnPiK6Y6e1o,5215299935
277,Ninetta,Crowder,2001-03-22,17TZ7Ru8yEkTVSkNFt1Z3siNY4nzZcwB3x,0717698947
278,Tuckie,Bernucci,1999-01-28,1JvWojdZGHi3JUv7gSaQLsB2pTwp6sHqEA,9315094417
279,Pris,Matzel,1999-10-27,1N5jdrnjSTbWhSMM9UX3nyXb61agCkYmkb,1118170067
280,Flori,Colmore,1991-11-29,1H2vid2ZNcy7pLpPYyTvFfwnPiw8PhhbBJ,7265986016
281,Aldus,Tabbernor,1998-06-27,15LAo32hxmY6YxikLDsisxpejHG2RGAFf4,2947978781
282,Addison,Costell,1997-06-16,1Jt2o93zt6dJr1zP2pkAeCP71jnbWm3Xc5,6940097074
283,Rolfe,Northcliffe,1992-06-05,19kTHgJ3WTgTq93pFyQeLH2YiJic7ZneVR,5341899830
284,Estevan,Hacun,1991-08-12,1PQfgP6U4CHg1GhzZbbyVj2aAn4sGHggHP,0300096704
285,Baxy,Mc Curlye,2002-04-12,1LkyZ6osULdz2YSDLy3NRgh98v61QP65UW,5597667726
286,Sofie,Hellwing,1991-11-11,1EEuuxKs6GyHESY7VcebmbFHV3AndemwuF,3390937986
287,Olenka,Crampton,2001-05-06,1Cs76ZCmd1PyZNRykmKvXEhF7qZdTctAYR,9505137796
288,Luce,Nellen,1991-10-02,1DCnYMAt6h6FGjpxnxPjXmVUJPiGhqCFh8,9156517548
289,Van,Million,1990-06-25,1CQEn7zX2pusDujVgKV1WTZNbpzPanWA6u,0774160004
290,Krysta,Permain,1995-05-16,1DztbTNoM5xzD9ja7cLqTgrPjgBB146ggj,4746402175
291,Glendon,Streetfield,1998-03-23,1Apw6q1cXAF23qk4J3mAZX88Uxhcmj2MRx,1695065875
292,Stavros,Byram,2002-11-29,12xZHsp2z5BAh8BFEkoG9CnvSifHfyvJuS,1001278232
293,Zonnya,Raynes,1990-10-09,15NScXv4fEYuacRN7LDjHtoynxmJp9rQ2p,2319347194
294,Stormy,Hartland,1997-03-24,14WtjFpqwpcSumBwQabutTbSbhD4L9KZUg,0836022734
295,Julietta,Cubbit,1992-07-27,1HhLdeFnHQHLN79E3BbhNo2eUWGtmnRBWU,0834043742
296,Deb,Towe,1999-05-13,1PGqRqWY3az5qBbNsVZcxLC6eSjvdvUUef,8129781409
297,Emmott,Borsi,2003-02-11,18VevNrxk78dWCCkAd4RdLcKr4SonfLWDy,3849108872
298,Wye,Mold,2001-10-15,1Hh36R3kDRZdcsnDcQc3BxZJQE9p9FLvqc,9766723346
299,Farleigh,Santarelli,1990-03-06,1EBAH1KNR9y3TE7uk4cdtNng4rdpfuMkGw,4194248007
300,Francklin,Grindell,1996-10-03,16yaYUTR1eYxaDG4fTbi1bCU65YkxRjjSC,6662098337
301,Carlene,Verty,2002-12-20,1EksSLPmFa7V5cCkRihn2ezaP99FcFDovL,1752204336
302,Renie,Pedreschi,1998-01-16,19vXNZTZArSWV5Efhv9Vv1WFUpkqq6hfY,3193236438
303,Emily,Schout,1994-02-08,15f1ZvooB7u6iy9hmnXBaDe1yBW8fGzm1s,9441140309
304,Steffi,Legon,2000-06-12,1BGzCRQr4YuzqW89Js1VpqGFTSMofmPVsi,1650652895
305,Twila,Balharry,1995-11-15,1PMDxE457YULUhjEwGpNpCcozv2SbpgsWo,0688101380
306,Latisha,McAuley,1994-09-21,14dLNoxm8BqNsMB1KbQ5CReCe9XxXZNpEm,2880259215
307,Trueman,Olivia,1996-08-14,1EqL7N82ixFZcj36ktUc7ZA4i7E43abQJS,7134858111
308,Melli,Marrington,1998-03-08,14L7xfuADKFEc6EF6HVh8dft8jTudjp4cS,0388223170
309,Cam,Underdown,1999-04-13,1EUZqvDGqev7hnP1bLziAvCt3YdU6kpL5A,0978525655
310,Aida,Veare,2001-11-25,1LvDsE3o9eMoAuKFLxGM4nq92NuthB9M2H,7018709210
311,Moishe,Toderi,1998-11-21,1MaC98PSPYbcqFpp6ReBZCPUGfLGEZnLdg,9368877475
312,Shay,Conybear,2000-03-15,1FjuveyWrWUsuvRnaS4wvtePXmd7NjSNp9,0809945290
313,Joel,Flear,1997-08-30,1HAnrjdWp78oL6DbJMJPZVy4xir3PrzXkm,2301197239
314,Conant,Carpenter,2000-03-21,12ybG5uDyby2yAbTsJ9Vf7bzjAaQPRDf2S,6907544008
315,Maisey,MacKnocker,2000-04-29,1N5Y33CgkVVidow5HSm8WS7eqr8Jw1RA4Y,8129266245
316,Gabe,Tabram,1991-02-28,1EeTNhzp8uv4Z3ugZbv49uFkHwm8HgRFWL,8228516460
317,Consalve,Verzey,1992-08-17,1Fc96LdtyvkZQAfjbHmuQ4HnQS767HRCDc,6063298487
318,Jose,Tidcomb,1998-05-24,1DNqKFeFb2UULbrMeaQjpfnzkDoiBnuUqP,7135810465
319,Friederike,Matonin,1992-07-05,19hupQ44aU2QW9hQLmVrbqbshdfxaEk5hq,1437899978
320,Huberto,Petricek,1997-10-22,19Ag4LgwfauYJUVoCHSXJ32hPwJLAppjd7,3569689336
321,Mario,Indgs,1999-04-26,1KmudrmJNnJoT8yHDUEhutMc6jtGkxv48S,3014080195
322,Jayson,Snookes,2000-06-23,1Mp9KTNtk7uBaSRWdsFMxHnMD14aqBhjwo,8478098135
323,Crystal,Brazener,1990-05-06,1PAJfd7aYGXAmgfPwxw8LWju5feXsySZvM,8860901340
324,Emmaline,Jeppensen,1992-08-17,17jPaqQ4qu8kBUaVX3bcES82KDviHgh15y,0595077005
325,Padraig,Pennaman,1991-03-05,18gyu7fXz5Ru1XHzhNHcTYpVVfvceqEz63,4726811541
326,Jeniffer,Skedge,1990-11-04,1PvrskUZBigq2uMD1ZFCe5CCjquAr5dGyr,6862394096
327,Caldwell,Clericoates,1996-09-26,17Gd2RRPm8fPRAz4Rk2HwWQSRNxJWZdXs,5262663184
328,Mauricio,Spratling,2002-04-18,1GkKn4Uinzh5MvfBgnjdcz5VuzAHwVgSwF,1520331606
329,Jobye,Harradence,1991-12-20,1Fw3M2LvEBvxGVVjvMDiZHAjM81QPBq1Kc,1045097551
330,Darryl,Ferriere,1991-09-08,1ANdQ3DzXatUVPCDe1whcPpbfrg5LHC744,9875274011
331,Lexy,De Gregoli,1996-09-18,1H7cQuVedqrn1AFgxtzinTyigt6xndt4ji,1414912625
332,Johanna,Massei,2000-09-01,1HPWVfSu1pDCKnMXNrD26MUSeosc122JT,1094486922
333,Burtie,Dot,1993-12-12,1NGp7oQsyvWWxBMq1m6NBNXkd6oGs9kCv,6012928939
334,Laird,Schrieves,1993-10-08,1JC6erYUjrJhw1yuSh7JuA71MJo3g2Rqci,2599502497
335,Silvano,Colleck,1991-06-20,1PfzUD67KmSuSZ2zWs4d4rv1pQu4ee98wi,8490881944
336,Thomasine,Dennitts,1990-12-18,1KANxMVt5KfAoKNRzi1eoNaGaWkdCnaNU7,5662125732
337,Lester,Matheson,1997-07-05,191Z5vnG343WqsLSUMSLW1m4aCu5ssdPT1,3894991852
338,Liva,Di Bartolommeo,2002-07-18,1H6XBRHdQYhLyUzTBHs87j7QpGSYqoGMq8,8663938187
339,Chevy,Fellona,1996-01-08,1H3J31wm5Drq8URvq3eWtGeghrQwdKbavq,9095939391
340,Viva,Sexton,1991-01-21,1FhETK2hirH3QM1jgze7pUkZ9WcqpqGa9N,4227017599
341,Tatiana,Beeken,2000-04-28,1FbFoEd7HFwpJPNYMERgZCiYisHwGqMeaF,9658245935
342,Jany,Rothchild,2001-12-30,19UkfkC419BEisySKGGuiG8rsuK765ktXM,4662347882
343,Babbette,Shorey,1991-01-19,1JrohHKaySKXN5vXDysYucoFaEBGAkhNMQ,3220636268
344,Lizzy,Hintze,2001-06-30,1BUqeLNjiqetAykXV1C6VdFJTnKZTTbghL,4441903391
345,Elianore,Gutman,1998-07-11,1AsrZgVpdfTuxTVmDBW5rpnmfGHE9A8Kx,4868187031
346,Ina,Commucci,1992-11-10,1MxGoqBJn5znMhYGNDGaUhRovcRJvDW3ot,0578931664
347,Rod,Wisdom,1999-07-27,15gMiKjYYFWShYdy1GCCTTWLhaDxNrd9AE,8840717757
348,Con,Buche,1999-12-22,16NaA3WFFKPALbyKB9Wggydjq9NFXnhwcg,5098455502
349,Patsy,Paybody,1999-05-16,14iKtCjo9v26NxcbzDLiSSiNKHixCbTGqx,7176504040
350,Ingrid,Upshall,2000-01-21,1GzPtLBjdx81P4TDSi1dsELfrMBQ5EFW2L,7424596063
351,Hilary,Otter,1997-09-15,1BqzUXrNLTCXcA6DkAAK98CZERpjvpNihj,6833200696
352,Wolfgang,Wrightem,1998-02-02,1BH5ria3T7adqRSA15q93aVpE25Rxh11Su,3004464748
353,Townsend,Jacqueminet,2000-01-28,1J8ECv2YY9kFRWuSYtZpwHxVC36a6gg4X,2713353572
354,Maxine,Newband,2001-01-28,1J3dmE49vRrfmKt25A2SPUhXpyCLWkFLCH,5845314224
355,Jonas,Capozzi,1996-01-19,1DXgUNkHyxAWiCSBNEQuQ2GLwFhGjhyZ7V,9306301278
356,Cherianne,Hutcheon,1990-01-24,1FUkzyGiRiN7KEhUBajM91RtdvQmCZCy6x,0596770960
357,Nanon,Scholtz,1994-12-04,1FmdPJFkBfJtApxgwAudBTVjmroSk2pkrW,9660312415
358,Lianne,Enoksson,1997-05-09,12zAtipuYTGg8htPPN6vEWKUTYwdobc9WG,2535020661
359,Ami,Corringham,2001-12-23,1BzzUFYB3hvctUaJn6vn2rVyYJFwp3gCYj,5661085192
360,Emmalyn,Croxley,2003-12-31,1EDG8WHoBQAkV1QUrCueQJbzRi6fHqhD3f,2219815692
361,Dara,Bugbird,1997-10-09,1L9e9RtraQWdnVFy6QYaLSLHHWVyHvk1G6,7289417895
362,Phillis,Girvin,2003-10-25,1653ziReWvKgLJW8vHnrtg52iZptX2nwN6,4434752790
363,Marissa,Sproul,1992-12-22,1K83uUqkYwHjzRgQAGqSFFSPVUUbNcAk1L,7808787566
364,Vittorio,Dommerque,1990-06-10,1A9EDEjiGQUFXFVSfQv89kjRcQimBdDFkK,7696235818
365,Suki,Gergely,2001-12-08,1HRzVjYzrciJciQzcTPLvtHkZqKJnXLgii,0830667431
366,Barclay,Toulch,1994-10-06,1MfqfS6PxJW1VsWipy1qJK2DvhACtxtFp1,5709467456
367,Phylis,Dannett,1991-01-04,1GvjKRX4UyojP47FMNwPUtHkWUcxNhRPLC,4476752292
368,Tamas,Maton,1994-04-13,1BZj37s6p9e9yHndgasZfPAU4RtoWABLK7,6372215306
369,Billy,Hawkett,1998-08-08,1Piw8AmX78xkQ4eaAW4Vv87aaBSKRFqvTy,0992781566
370,Margalo,Ulyet,2001-03-01,1EfoF5JH16vJPGRrirVAepBA9hiQk46F8H,5465451696
371,Illa,Vink,1990-01-13,113ka1L3kw99cGQHAwA6Bfpo2g8yvkVQ4q,4000041703
372,Page,Kuhlmey,2000-01-04,13xXj1nyawYwmBWoe9ZV3tCsZkSKfufn3y,4788537028
373,Cece,Aldwinckle,1990-01-30,1M2qHqJETtzHNx67x2Yim3wmYSnrboY5tw,4496288273
374,Cherye,Bradnam,1995-09-04,13Brkg7Axk5QMjDUNQBP7sgXtNAeJ5ztEL,9053343830
375,Joya,Moorrud,1995-08-02,1FTgaS9afei5GxB71aJypmbt88t6FzE9Jo,7321779769
376,Ruthy,Tither,1990-09-07,1P4RF75gjmd84JrhadpYQ6J4CDf9DUaXF7,9129046378
377,Clayson,St. Leger,1997-09-17,18YNtPnZtu5k2ke4AFnMNbhTqDeutwCuQ6,2105105750
378,Kendrick,Blaycock,2003-09-13,1hvaWHCYvcrxx9hpnDhxkiMg2rsQK76ux,4108016203
379,Forester,Croisier,1995-09-27,16GfwVDkqkSjQJ5EkV69LFYmWXXXCYRqa9,6928937408
380,Clarisse,Van Der Walt,1999-07-13,1PfwEJhYHULMJwsBeS38HUSLEW33wi37ke,7242599628
381,Stephanus,Knappett,1997-06-11,1PJwQv7N2fPDuWcpAjcsvm6FvDN93rN6zN,5688089741
382,Eryn,Hardaway,1993-01-08,12kHA4HmkVDV1Re7JnctpWJVxWJBVZyM7t,9363972518
383,Hayes,Vevers,1996-10-28,1MHPddVh9Xfa8X4RCHnn7AfWiY8Zz1DtMS,1984213644
384,Edyth,Anthona,1991-04-10,1EeKXPFhsFAnwsUiGRRWewrFcHY5SWk52T,3110516004
385,Bernhard,Aggis,2000-06-02,1KW5KR69AKdw6oqdCdKAYNKYbgXvn5MFqW,0835662322
386,Marna,Frankcomb,1992-06-15,18JqHDrXC8FmYYLKcxBnDn9TLbjrFmLbtW,4393175964
387,Connie,Krystof,2001-10-31,1CFwFBzMv2v3dJAAy9BBqihQAs4PxdTNMX,0255520379
388,Anderea,Grouen,1992-12-17,1Aoqf5taTPZYmThtN6zCB5eRVFFmRZfGWV,4241777198
389,Leesa,Mellings,1996-10-22,1LDVrVX8f3dcybCzH1jErXDFyUBvq6KKkP,1803224584
390,Claudelle,Grzelewski,1997-01-29,1PorRKB5vwyW4gD1jyG8HT66vgkqsU6PXT,8003845726
391,Nonie,Shurmer,1999-01-27,12i4nkFz5Bwe4K2EyjJnFBv9DuTucD9R7d,3822180289
392,Leyla,Wilhelmy,1993-04-21,17stb6tdioNupLPXyivKMq7GYR7WbqDFqE,6407484049
393,Trixi,Hill,1990-06-10,1DQtaeLKmg2Mr76MNJpAopX1YxMCifLxij,0026348543
394,Lesya,Warret,1991-12-25,1KksdBjPYwntJ1eh7Tn68gm6jF6e33FJxM,7885977277
395,Martguerita,Gludor,1993-01-23,1BpyPzf156GCXuf1SCvHZb2khud8jG4Gqb,1879092689
396,Quill,Annes,1992-01-06,1NJ5L7QwdUJPqxfafModVh9RNaTSjMnvZ8,2575537134
397,Marc,Teligin,2001-01-27,1N6FucBLAYANQu5sRtPYHvCqW3XK8ajh9D,7520680959
398,Karole,Chamney,2002-11-02,19zoHiHvjFKEiAQhh6PdNvoSub5c9jkxkf,3462629476
399,Vincenty,Elrick,1992-06-22,1N6qLEzEjs3YpAYBrX7LnRp2YZEf3174eo,9370631127
400,Ali,Ianne,2001-10-09,1DGLCmXe6EznQPKc8HBHFv9ovXbD7G66AB,2434912060
